DROP TABLE BOARD;CREATE TABLE BOARD(    bo_no NUMBER NOT NULL,    bo_pno NUMBER,    bo_division    VARCHAR2(20) NOT NULL,    bo_category    VARCHAR2(20) NOT NULL,    m_no    NUMBER NOT NULL,    bo_date    DATE DEFAULT SYSDATE,    bo_title    VARCHAR2(50) NOT NULL,    bo_content    VARCHAR2(100) NOT NULL,    bo_hit    NUMBER DEFAULT 0,    bo_recomm    NUMBER DEFAULT 0 NOT NULL,	bo_status	VARCHAR2(20) DEFAULT 'N' NOT NULL);COMMENT ON COLUMN BOARD.bo_no IS '게시판_번호';COMMENT ON COLUMN BOARD.bo_pno IS '게시판_부모번호';COMMENT ON COLUMN BOARD.m_no IS '회원_번호';COMMENT ON COLUMN BOARD.bo_date IS '게시판_작성일';COMMENT ON COLUMN BOARD.bo_title IS '게시판_제목';COMMENT ON COLUMN BOARD.bo_content IS '게시판_내용';COMMENT ON COLUMN BOARD.bo_hit IS '게시판_조회수';COMMENT ON COLUMN BOARD.bo_recomm IS '게시판_추천수';COMMENT ON COLUMN BOARD.bo_category IS '게시판_카테고리';COMMENT ON COLUMN BOARD.bo_division IS '게시판_구분';COMMENT ON COLUMN BOARD.bo_status IS '게시판_상태';COMMENT ON TABLE BOARD IS '게시판';CREATE UNIQUE INDEX 엔터티1_PK2 ON BOARD( bo_no );ALTER TABLE BOARD ADD CONSTRAINT 엔터티1_PK2 PRIMARY KEY ( bo_no ) USING INDEX 엔터티1_PK2;DROP TABLE BOARD_FILE;CREATE TABLE BOARD_FILE(    bf_no    NUMBER NOT NULL,    bo_no NUMBER NOT NULL,	bf_level NUMBER DEFAULT 1,    bf_originname VARCHAR2(50) NOT NULL,    bf_name    VARCHAR2(50) NOT NULL,    bf_kind    VARCHAR2(20) NOT NULL);COMMENT ON COLUMN BOARD_FILE.bf_no IS '파일_번호';COMMENT ON COLUMN BOARD_FILE.bo_no IS '게시판_번호';COMMENT ON COLUMN BOARD_FILE.bf_name IS '파일_이름';COMMENT ON COLUMN BOARD_FILE.bf_originname IS '원본파일_이름';COMMENT ON COLUMN BOARD_FILE.bf_kind IS '파일_종류';COMMENT ON TABLE BOARD_FILE IS '게시판_파일';CREATE UNIQUE INDEX 엔터티1_PK5 ON BOARD_FILE( bf_no );ALTER TABLE BOARD_FILE ADD CONSTRAINT 엔터티1_PK5 PRIMARY KEY ( bf_no ) USING INDEX 엔터티1_PK5;DROP TABLE CART;CREATE TABLE CART(    cart_no    NUMBER NOT NULL,    m_no    NUMBER NOT NULL,    p_code    VARCHAR2(10) NOT NULL,    cart_amount    NUMBER NOT NULL);COMMENT ON COLUMN CART.cart_no IS '장바구니_번호';COMMENT ON COLUMN CART.m_no IS '회원_번호';COMMENT ON COLUMN CART.p_code IS '상품_코드';COMMENT ON COLUMN CART.cart_amount IS '장바구니_상품수량';COMMENT ON TABLE CART IS '장바구니';CREATE UNIQUE INDEX 엔터티2_PK7 ON CART( cart_no );ALTER TABLE CART ADD CONSTRAINT 엔터티2_PK7 PRIMARY KEY ( cart_no ) USING INDEX 엔터티2_PK7;DROP TABLE CATEGORY;CREATE TABLE CATEGORY(    ca_no    NUMBER NOT NULL,    ca_name    VARCHAR2(50) NOT NULL);COMMENT ON COLUMN CATEGORY.ca_no IS '카테고리_번호';COMMENT ON COLUMN CATEGORY.ca_name IS '카테고리_이름';COMMENT ON TABLE CATEGORY IS '카테고리';CREATE UNIQUE INDEX 엔터티2_PK2 ON CATEGORY( ca_no );ALTER TABLE CATEGORY ADD CONSTRAINT 엔터티2_PK2 PRIMARY KEY ( ca_no ) USING INDEX 엔터티2_PK2;DROP TABLE CLASS;CREATE TABLE CLASS(    c_no    NUMBER NOT NULL,    c_name    VARCHAR2(30) NOT NULL,    c_discount    FLOAT NOT NULL);COMMENT ON COLUMN CLASS.c_no IS '등급_코드';COMMENT ON COLUMN CLASS.c_name IS '등급_이름';COMMENT ON COLUMN CLASS.c_discount IS '등급_할인율';COMMENT ON TABLE CLASS IS '등급';CREATE UNIQUE INDEX 엔터티2_PK ON CLASS( c_no );ALTER TABLE CLASS ADD CONSTRAINT 엔터티2_PK PRIMARY KEY ( c_no ) USING INDEX 엔터티2_PK;DROP TABLE DELIVERY;CREATE TABLE DELIVERY(    d_no    NUMBER NOT NULL,    d_invoice_no    VARCHAR2(100),    d_addr_name VARCHAR2(20) NOT NULL,    d_addr_tel    VARCHAR2(50) NOT NULL,    d_addr_phone    VARCHAR2(50) NOT NULL,    d_addr_address    VARCHAR2(200) NOT NULL,    d_addr_msg    VARCHAR2(100));COMMENT ON COLUMN DELIVERY.d_no IS '배송_번호';COMMENT ON COLUMN DELIVERY.d_invoice_no IS '배송_운송장번호';COMMENT ON COLUMN DELIVERY.d_addr_name IS '배송_수취인';COMMENT ON COLUMN DELIVERY.d_addr_tel IS '배송_수취인_전화번호';COMMENT ON COLUMN DELIVERY.d_addr_phone IS '배송_수취인_핸드폰';COMMENT ON COLUMN DELIVERY.d_addr_address IS '배송_수취인_주소';COMMENT ON COLUMN DELIVERY.d_addr_msg IS '배송_수취인_메세지';COMMENT ON TABLE DELIVERY IS '배송';CREATE UNIQUE INDEX 엔터티2_PK6 ON DELIVERY( d_no );ALTER TABLE DELIVERY ADD CONSTRAINT 엔터티2_PK6 PRIMARY KEY ( d_no ) USING INDEX 엔터티2_PK6;DROP TABLE MEMBER;CREATE TABLE MEMBER(    m_no    NUMBER NOT NULL,    c_no    NUMBER DEFAULT 600,    m_email    VARCHAR2(50) NOT NULL,    m_password    VARCHAR2(100) NOT NULL,    m_name    VARCHAR2(30) NOT NULL,    m_gender    VARCHAR2(10),    m_birthday    DATE NOT NULL,    m_address    VARCHAR2(200) NOT NULL,    m_tel    VARCHAR2(50) NOT NULL,    m_phone    VARCHAR2(50) NOT NULL,    m_enroll_date    DATE DEFAULT SYSDATE,    m_status    VARCHAR2(10) DEFAULT 'N');COMMENT ON COLUMN MEMBER.m_no IS '회원_번호';COMMENT ON COLUMN MEMBER.c_no IS '등급_코드';COMMENT ON COLUMN MEMBER.m_email IS '회원_이메일';COMMENT ON COLUMN MEMBER.m_password IS '회원_비밀번호';COMMENT ON COLUMN MEMBER.m_name IS '회원_이름';COMMENT ON COLUMN MEMBER.m_gender IS '회원_성별';COMMENT ON COLUMN MEMBER.m_birthday IS '회원_생년월일';COMMENT ON COLUMN MEMBER.m_address IS '회원_주소';COMMENT ON COLUMN MEMBER.m_tel IS '회원_전화번호';COMMENT ON COLUMN MEMBER.m_phone IS '회원_핸드폰번호';COMMENT ON COLUMN MEMBER.m_enroll_date IS '회원_가입일';COMMENT ON COLUMN MEMBER.m_status IS '회원_탈퇴여부';COMMENT ON TABLE MEMBER IS '회원';CREATE UNIQUE INDEX 엔터티1_PK ON MEMBER( m_no );ALTER TABLE MEMBER ADD CONSTRAINT 엔터티1_PK PRIMARY KEY ( m_no ) USING INDEX 엔터티1_PK;ALTER TABLE MEMBER ADD CONSTRAINT check_member_gender CHECK (m_gender IN('M','F'));DROP TABLE ORDERS;CREATE TABLE ORDERS(    o_no    NUMBER NOT NULL,	o_ono    VARCHAR2(100) NOT NULL,    o_orderdate  DATE DEFAULT SYSDATE,    m_no    NUMBER NOT NULL,    d_no    NUMBER NOT NULL,    pay_no    NUMBER NOT NULL,	o_level    NUMBER NOT NULL,    p_code    VARCHAR2(10) NOT NULL,    o_state   VARCHAR2(20) DEFAULT '준비중' ,      o_amount    NUMBER NOT NULL);COMMENT ON COLUMN ORDERS.o_no IS '주문_번호';COMMENT ON COLUMN ORDERS.o_orderdate IS '주문_주문일자';COMMENT ON COLUMN ORDERS.m_no IS '회원_번호';COMMENT ON COLUMN ORDERS.d_no IS '배송_번호';COMMENT ON COLUMN ORDERS.pay_no IS '결제_번호';COMMENT ON COLUMN ORDERS.o_level IS '상품_레벨';COMMENT ON COLUMN ORDERS.p_code IS '상품_코드';COMMENT ON COLUMN ORDERS.o_state IS '주문_상태';COMMENT ON COLUMN ORDERS.o_ono IS '주문_주문번호';COMMENT ON COLUMN ORDERS.o_amount IS '주문_수량';COMMENT ON TABLE ORDERS IS '주문';CREATE UNIQUE INDEX 엔터티2_PK4 ON ORDERS( o_no );ALTER TABLE ORDERS ADD CONSTRAINT 엔터티2_PK4 PRIMARY KEY ( o_no ) USING INDEX 엔터티2_PK4;DROP TABLE PAYMENT;CREATE TABLE PAYMENT(    no    NUMBER NOT NULL,    pg    VARCHAR2(50) NOT NULL,    pay_method    VARCHAR2(50) NOT NULL,    merchant_uid    VARCHAR2(50) NOT NULL,    name    VARCHAR2(50) NOT NULL,    buyer_name    VARCHAR2(15) NOT NULL,    buyer_tel    VARCHAR2(30) NOT NULL,    buyer_addr    VARCHAR2(200) NOT NULL,    buyer_postcode    VARCHAR2(10) NOT NULL,    imp_uid    VARCHAR2(30) NOT NULL,    amount    NUMBER NOT NULL,    apply_num    VARCHAR2(30),    buyer_email    VARCHAR2(50) NOT NULL,    status    VARCHAR2(20) NOT NULL);COMMENT ON COLUMN PAYMENT.no IS '결제_번호';COMMENT ON COLUMN PAYMENT.pg IS '결제_PG사';COMMENT ON COLUMN PAYMENT.pay_method IS '결제_결제수단';COMMENT ON COLUMN PAYMENT.merchant_uid IS '결제_고유주문번호';COMMENT ON COLUMN PAYMENT.name IS '결제_주문명';COMMENT ON COLUMN PAYMENT.buyer_name IS '결제_구매자이름';COMMENT ON COLUMN PAYMENT.buyer_tel IS '결제_구매자번호';COMMENT ON COLUMN PAYMENT.buyer_addr IS '결제_구매자주소';COMMENT ON COLUMN PAYMENT.buyer_postcode IS '결제_구매자우편번호';COMMENT ON COLUMN PAYMENT.imp_uid IS '결제_고유ID';COMMENT ON COLUMN PAYMENT.amount IS '결제_결제금액';COMMENT ON COLUMN PAYMENT.apply_num IS '결제_카드승인번호';COMMENT ON COLUMN PAYMENT.buyer_email IS '결제_구매자이메일';COMMENT ON COLUMN PAYMENT.status IS '결제_상태';COMMENT ON TABLE PAYMENT IS '결제';CREATE UNIQUE INDEX 엔터티1_PK1 ON PAYMENT( no );ALTER TABLE PAYMENT ADD CONSTRAINT 엔터티1_PK1 PRIMARY KEY ( no ) USING INDEX 엔터티1_PK1;DROP TABLE PRODUCT;CREATE TABLE PRODUCT(    p_code    VARCHAR2(10) NOT NULL,    ca_no    NUMBER NOT NULL,	p_resisterdate DATE DEFAULT SYSDATE,    p_8constitution    VARCHAR2(10) NOT NULL,    p_name    VARCHAR2(50) NOT NULL,    p_price    NUMBER NOT NULL,    p_event    VARCHAR2(30),    p_discount    FLOAT,    p_pic1    VARCHAR2(50) NOT NULL,    p_pic2    VARCHAR2(50) NOT NULL,	p_status VARCHAR2(2) NOT NULL);COMMENT ON COLUMN PRODUCT.p_code IS '상품_코드';COMMENT ON COLUMN PRODUCT.ca_no IS '카테고리_번호';COMMENT ON COLUMN PRODUCT.p_resisterdate IS '등록일';COMMENT ON COLUMN PRODUCT.p_8constitution IS '상품_8체질';COMMENT ON COLUMN PRODUCT.p_name IS '상품_이름';COMMENT ON COLUMN PRODUCT.p_price IS '상품_가격';COMMENT ON COLUMN PRODUCT.p_event IS '상품_이벤트';COMMENT ON COLUMN PRODUCT.p_discount IS '상품_할인율';COMMENT ON COLUMN PRODUCT.p_pic1 IS '상품_사진1';COMMENT ON COLUMN PRODUCT.p_pic2 IS '상품_사진2';COMMENT ON COLUMN PRODUCT.p_status IS '진열상태';COMMENT ON TABLE PRODUCT IS '상품';CREATE UNIQUE INDEX PRODUCT_1_PK ON PRODUCT( p_code );ALTER TABLE PRODUCT ADD CONSTRAINT PRODUCT_1_PK PRIMARY KEY ( p_code ) USING INDEX PRODUCT_1_PK;DROP TABLE QUESTION;CREATE TABLE QUESTION(    q_no    NUMBER NOT NULL,    m_no    NUMBER,    q_8constitution    VARCHAR2(10) NOT NULL);COMMENT ON COLUMN QUESTION.q_no IS '설문_번호';COMMENT ON COLUMN QUESTION.m_no IS '회원_번호';COMMENT ON COLUMN QUESTION.q_8constitution IS '설문_8체질';COMMENT ON TABLE QUESTION IS '설문조사';CREATE UNIQUE INDEX 엔터티1_PK4 ON QUESTION( q_no );ALTER TABLE QUESTION ADD CONSTRAINT 엔터티1_PK4 PRIMARY KEY ( q_no ) USING INDEX 엔터티1_PK4;DROP TABLE STOCK;CREATE TABLE STOCK(    s_no    NUMBER(10) NOT NULL,    s_division    VARCHAR2(100) NOT NULL,    p_code    VARCHAR2(10) NOT NULL,    s_resisterDate  DATE DEFAULT SYSDATE,    s_selflife    DATE,    s_amount    NUMBER NOT NULL,    s_note    VARCHAR2(100) NOT NULL);COMMENT ON COLUMN STOCK.s_no IS '재고_번호';COMMENT ON COLUMN STOCK.s_division IS '재고_구분';COMMENT ON COLUMN STOCK.p_code IS '상품_코드';COMMENT ON COLUMN STOCK.s_resisterDate IS '재고_입고일';COMMENT ON COLUMN STOCK.s_selflife IS '재고_유통기한';COMMENT ON COLUMN STOCK.s_amount IS '재고_수량';COMMENT ON COLUMN STOCK.s_note IS '재고_분류';COMMENT ON TABLE STOCK IS '재고';CREATE UNIQUE INDEX 엔터티2_PK3 ON STOCK( s_no );ALTER TABLE STOCK ADD CONSTRAINT 엔터티2_PK3 PRIMARY KEY ( s_no ) USING INDEX 엔터티2_PK3;DROP TABLE WITHDRAW;CREATE TABLE WITHDRAW(    w_no    NUMBER NOT NULL,    m_no    NUMBER,    w_date    DATE DEFAULT SYSDATE NOT NULL,    w_reason    VARCHAR2(50) NOT NULL);COMMENT ON COLUMN WITHDRAW.w_no IS '탈퇴정보_번호';COMMENT ON COLUMN WITHDRAW.m_no IS '회원_번호';COMMENT ON COLUMN WITHDRAW.w_date IS '탈퇴정보_탈퇴일자';COMMENT ON COLUMN WITHDRAW.w_reason IS '탈퇴정보_탈퇴사유';COMMENT ON TABLE WITHDRAW IS '탈퇴정보';CREATE UNIQUE INDEX 엔터티1_PK6 ON WITHDRAW( w_no );ALTER TABLE WITHDRAW ADD CONSTRAINT 엔터티1_PK6 PRIMARY KEY ( w_no ) USING INDEX 엔터티1_PK6;DROP SEQUENCE MNO;DROP SEQUENCE CNO;DROP SEQUENCE CARTNO;DROP SEQUENCE CANO;DROP SEQUENCE WNO;DROP SEQUENCE SNO;DROP SEQUENCE ONO;DROP SEQUENCE PNO;DROP SEQUENCE QNO;DROP SEQUENCE BONO;DROP SEQUENCE BFNO;DROP SEQUENCE OONO; CREATE SEQUENCE MNO START WITH 10000; CREATE SEQUENCE CNO START WITH 100 INCREMENT BY 100; CREATE SEQUENCE CARTNO; CREATE SEQUENCE CANO START WITH 100 INCREMENT BY 100; CREATE SEQUENCE WNO; CREATE SEQUENCE SNO; CREATE SEQUENCE ONO START WITH 10000; CREATE SEQUENCE PNO START WITH 10000; CREATE SEQUENCE QNO; CREATE SEQUENCE BONO; CREATE SEQUENCE BFNO; CREATE SEQUENCE OONO START WITH 10000; CREATE SEQUENCE DNO START WITH 100; CREATE SEQUENCE PANO;Insert into CITYRACK.CLASS (C_NO,C_NAME,C_DISCOUNT) values (1000,'관리자',50);Insert into CITYRACK.CLASS (C_NO,C_NAME,C_DISCOUNT) values (500,'다이아몬드',40);Insert into CITYRACK.CLASS (C_NO,C_NAME,C_DISCOUNT) values (400,'골드',30);Insert into CITYRACK.CLASS (C_NO,C_NAME,C_DISCOUNT) values (300,'루비',20);Insert into CITYRACK.CLASS (C_NO,C_NAME,C_DISCOUNT) values (200,'실버',10);Insert into CITYRACK.CLASS (C_NO,C_NAME,C_DISCOUNT) values (100,'브론즈',1);Insert into CITYRACK.MEMBER (M_NO,C_NO,M_EMAIL,M_PASSWORD,M_NAME,M_GENDER,M_BIRTHDAY,M_ADDRESS,M_TEL,M_PHONE,M_ENROLL_DATE,M_STATUS) values (10002,1000,'jr09h@naver.com','REl1I5N5Nit6ncSBlaBD3NiDzECYfhmqAQ9BvrxUpRoc8g3KTPF80pzOxRUZP4v59CT8H8ik8hrLn8nVO4qtnA==','관리자','F',to_date('98/08/08','RR/MM/DD'),'04633/서울 중구 소공로 25 (회현동2가)/5','45546','132135',to_date('18/03/19','RR/MM/DD'),'N');Insert into CITYRACK.CATEGORY (CA_NO,CA_NAME) values (100,'밥/면류');Insert into CITYRACK.CATEGORY (CA_NO,CA_NAME) values (500,'나물류');Insert into CITYRACK.CATEGORY (CA_NO,CA_NAME) values (300,'육류');Insert into CITYRACK.CATEGORY (CA_NO,CA_NAME) values (400,'해물류');Insert into CITYRACK.CATEGORY (CA_NO,CA_NAME) values (600,'비건');Insert into CITYRACK.PRODUCT (P_CODE,CA_NO,P_RESISTERDATE,P_8CONSTITUTION,P_NAME,P_PRICE,P_EVENT,P_DISCOUNT,P_PIC1,P_PIC2,P_STATUS) values ('10000',100,to_date('18/03/19','RR/MM/DD'),'수양','연잎밥',1000,'new',0,'2018031920340280866.jpg','2018031920340275657.jpg','Y');Insert into CITYRACK.PRODUCT (P_CODE,CA_NO,P_RESISTERDATE,P_8CONSTITUTION,P_NAME,P_PRICE,P_EVENT,P_DISCOUNT,P_PIC1,P_PIC2,P_STATUS) values ('10001',100,to_date('18/03/19','RR/MM/DD'),'수양','통필 푸실리',900,'new',0,'2018031920342549839.jpg','2018031920342550210.jpg','Y');Insert into CITYRACK.PRODUCT (P_CODE,CA_NO,P_RESISTERDATE,P_8CONSTITUTION,P_NAME,P_PRICE,P_EVENT,P_DISCOUNT,P_PIC1,P_PIC2,P_STATUS) values ('10002',100,to_date('18/03/19','RR/MM/DD'),'목음','오곡밥',700,'new',0,'2018031920344124422.jpg','2018031920344139237.jpg','Y');Insert into CITYRACK.PRODUCT (P_CODE,CA_NO,P_RESISTERDATE,P_8CONSTITUTION,P_NAME,P_PRICE,P_EVENT,P_DISCOUNT,P_PIC1,P_PIC2,P_STATUS) values ('10003',100,to_date('18/03/19','RR/MM/DD'),'금양','현미밥',700,'new',0,'2018031920350070665.jpg','2018031920350096177.jpg','Y');Insert into CITYRACK.PRODUCT (P_CODE,CA_NO,P_RESISTERDATE,P_8CONSTITUTION,P_NAME,P_PRICE,P_EVENT,P_DISCOUNT,P_PIC1,P_PIC2,P_STATUS) values ('10004',400,to_date('18/03/19','RR/MM/DD'),'토음','옐로 바지락 커리',1000,'new',0,'2018031920353078053.jpg','2018031920353077377.jpg','Y');Insert into CITYRACK.PRODUCT (P_CODE,CA_NO,P_RESISTERDATE,P_8CONSTITUTION,P_NAME,P_PRICE,P_EVENT,P_DISCOUNT,P_PIC1,P_PIC2,P_STATUS) values ('10005',400,to_date('18/03/19','RR/MM/DD'),'토양','쭈꾸미 볶음',700,'new',0,'2018031920355953443.jpg','2018031920355926275.jpg','Y');Insert into CITYRACK.PRODUCT (P_CODE,CA_NO,P_RESISTERDATE,P_8CONSTITUTION,P_NAME,P_PRICE,P_EVENT,P_DISCOUNT,P_PIC1,P_PIC2,P_STATUS) values ('10006',400,to_date('18/03/19','RR/MM/DD'),'금음','간장게장',400,'new',0,'201803192036168043.jpg','2018031920361629977.jpg','Y');Insert into CITYRACK.PRODUCT (P_CODE,CA_NO,P_RESISTERDATE,P_8CONSTITUTION,P_NAME,P_PRICE,P_EVENT,P_DISCOUNT,P_PIC1,P_PIC2,P_STATUS) values ('10007',600,to_date('18/03/19','RR/MM/DD'),'토양','팔라펠',700,'new',0,'2018031920364242394.jpg','201803192036425153.jpg','Y');Insert into CITYRACK.PRODUCT (P_CODE,CA_NO,P_RESISTERDATE,P_8CONSTITUTION,P_NAME,P_PRICE,P_EVENT,P_DISCOUNT,P_PIC1,P_PIC2,P_STATUS) values ('10009',500,to_date('18/03/19','RR/MM/DD'),'금음','가지무침',300,'new',0,'201803192037462245.jpg','2018031920374636964.jpg','Y');Insert into CITYRACK.PRODUCT (P_CODE,CA_NO,P_RESISTERDATE,P_8CONSTITUTION,P_NAME,P_PRICE,P_EVENT,P_DISCOUNT,P_PIC1,P_PIC2,P_STATUS) values ('10010',500,to_date('18/03/19','RR/MM/DD'),'토양','숙주나물',350,'new',0,'2018031920382939230.jpg','2018031920382915965.jpg','Y');Insert into CITYRACK.PRODUCT (P_CODE,CA_NO,P_RESISTERDATE,P_8CONSTITUTION,P_NAME,P_PRICE,P_EVENT,P_DISCOUNT,P_PIC1,P_PIC2,P_STATUS) values ('10011',500,to_date('18/03/19','RR/MM/DD'),'목음','취나물무침',450,'new',0,'2018031920391692626.jpg','2018031920391636853.jpg','Y');Insert into CITYRACK.PRODUCT (P_CODE,CA_NO,P_RESISTERDATE,P_8CONSTITUTION,P_NAME,P_PRICE,P_EVENT,P_DISCOUNT,P_PIC1,P_PIC2,P_STATUS) values ('10012',300,to_date('18/03/19','RR/MM/DD'),'목양','장조림',500,'new',0,'2018031920395727141.jpg','201803192039575491.jpg','Y');Insert into CITYRACK.PRODUCT (P_CODE,CA_NO,P_RESISTERDATE,P_8CONSTITUTION,P_NAME,P_PRICE,P_EVENT,P_DISCOUNT,P_PIC1,P_PIC2,P_STATUS) values ('10013',600,to_date('18/03/19','RR/MM/DD'),'수양','콩미트볼',600,'new',0,'2018031920404543455.jpg','2018031920404551217.jpg','Y');Insert into CITYRACK.PRODUCT (P_CODE,CA_NO,P_RESISTERDATE,P_8CONSTITUTION,P_NAME,P_PRICE,P_EVENT,P_DISCOUNT,P_PIC1,P_PIC2,P_STATUS) values ('10014',600,to_date('18/03/19','RR/MM/DD'),'토양','과카몰리',700,'new',0,'2018031920413462321.jpg','2018031920413451984.jpg','Y');Insert into CITYRACK.PRODUCT (P_CODE,CA_NO,P_RESISTERDATE,P_8CONSTITUTION,P_NAME,P_PRICE,P_EVENT,P_DISCOUNT,P_PIC1,P_PIC2,P_STATUS) values ('10015',300,to_date('18/03/19','RR/MM/DD'),'목음','채끝스테이크',1000,'new',0,'2018031920423152671.PNG','2018031920423129852.PNG','Y');Insert into CITYRACK.PRODUCT (P_CODE,CA_NO,P_RESISTERDATE,P_8CONSTITUTION,P_NAME,P_PRICE,P_EVENT,P_DISCOUNT,P_PIC1,P_PIC2,P_STATUS) values ('10017',300,to_date('18/03/19','RR/MM/DD'),'목음','차돌박이 찜',800,'new',0,'2018031920450645629.jpg','2018031920450623293.jpg','Y');Insert into CITYRACK.PRODUCT (P_CODE,CA_NO,P_RESISTERDATE,P_8CONSTITUTION,P_NAME,P_PRICE,P_EVENT,P_DISCOUNT,P_PIC1,P_PIC2,P_STATUS) values ('10018',300,to_date('18/03/19','RR/MM/DD'),'금양','갈비찜',650,'new',0,'2018031920573053926.jpg','2018031920573037137.jpg','Y');Insert into CITYRACK.PRODUCT (P_CODE,CA_NO,P_RESISTERDATE,P_8CONSTITUTION,P_NAME,P_PRICE,P_EVENT,P_DISCOUNT,P_PIC1,P_PIC2,P_STATUS) values ('10019',400,to_date('18/03/19','RR/MM/DD'),'금양','명란젓',400,'new',0,'2018031920580680130.jpg','2018031920580668900.jpg','Y');Insert into CITYRACK.PRODUCT (P_CODE,CA_NO,P_RESISTERDATE,P_8CONSTITUTION,P_NAME,P_PRICE,P_EVENT,P_DISCOUNT,P_PIC1,P_PIC2,P_STATUS) values ('10020',400,to_date('18/03/19','RR/MM/DD'),'토양','낙지젓갈',400,'new',0,'2018031920585531752.jpg','201803192058563592.jpg','Y');Insert into CITYRACK.PRODUCT (P_CODE,CA_NO,P_RESISTERDATE,P_8CONSTITUTION,P_NAME,P_PRICE,P_EVENT,P_DISCOUNT,P_PIC1,P_PIC2,P_STATUS) values ('10021',500,to_date('18/03/19','RR/MM/DD'),'수양','토란대나물',400,'new',0,'2018031920593842671.jpg','2018031920593837925.jpg','Y');Insert into CITYRACK.PRODUCT (P_CODE,CA_NO,P_RESISTERDATE,P_8CONSTITUTION,P_NAME,P_PRICE,P_EVENT,P_DISCOUNT,P_PIC1,P_PIC2,P_STATUS) values ('10022',300,to_date('18/03/19','RR/MM/DD'),'목양','닭갈비',700,'new',0,'2018031921004281122.jpg','2018031921004258095.jpg','Y');Insert into CITYRACK.PRODUCT (P_CODE,CA_NO,P_RESISTERDATE,P_8CONSTITUTION,P_NAME,P_PRICE,P_EVENT,P_DISCOUNT,P_PIC1,P_PIC2,P_STATUS) values ('10023',400,to_date('18/03/19','RR/MM/DD'),'목음','토마토홍합찜',500,'new',0,'2018031921014993349.jpg','2018031921014967387.jpg','Y');Insert into CITYRACK.PRODUCT (P_CODE,CA_NO,P_RESISTERDATE,P_8CONSTITUTION,P_NAME,P_PRICE,P_EVENT,P_DISCOUNT,P_PIC1,P_PIC2,P_STATUS) values ('10024',500,to_date('18/03/19','RR/MM/DD'),'토양','시금치나물',500,'new',0,'2018031921024743880.jpg','2018031921024792435.jpg','Y');Insert into CITYRACK.PRODUCT (P_CODE,CA_NO,P_RESISTERDATE,P_8CONSTITUTION,P_NAME,P_PRICE,P_EVENT,P_DISCOUNT,P_PIC1,P_PIC2,P_STATUS) values ('10025',300,to_date('18/03/19','RR/MM/DD'),'토음','치킨스테이크',600,'new',0,'2018031921063591131.jpg','2018031921063527538.jpg','Y');Insert into CITYRACK.PRODUCT (P_CODE,CA_NO,P_RESISTERDATE,P_8CONSTITUTION,P_NAME,P_PRICE,P_EVENT,P_DISCOUNT,P_PIC1,P_PIC2,P_STATUS) values ('10026',300,to_date('18/03/19','RR/MM/DD'),'금양','닭안심소세지',600,'new',0,'2018031921071670703.jpg','2018031921071648788.jpg','Y');Insert into CITYRACK.PRODUCT (P_CODE,CA_NO,P_RESISTERDATE,P_8CONSTITUTION,P_NAME,P_PRICE,P_EVENT,P_DISCOUNT,P_PIC1,P_PIC2,P_STATUS) values ('10027',500,to_date('18/03/19','RR/MM/DD'),'금양','곤드레나물',500,'new',0,'2018031921081367245.jpg','2018031921081372883.jpg','Y');Insert into CITYRACK.PRODUCT (P_CODE,CA_NO,P_RESISTERDATE,P_8CONSTITUTION,P_NAME,P_PRICE,P_EVENT,P_DISCOUNT,P_PIC1,P_PIC2,P_STATUS) values ('10028',600,to_date('18/03/19','RR/MM/DD'),'토음','콥샐러드',1000,'new',0,'2018031921090434477.jpg','2018031921090417399.jpg','Y');Insert into CITYRACK.STOCK (S_NO,S_DIVISION,P_CODE,S_RESISTERDATE,S_SELFLIFE,S_AMOUNT,S_NOTE) values (1,'입고','null',to_date('18/03/20','RR/MM/DD'),to_date('18/03/04','RR/MM/DD'),50,'상품 입고');Insert into CITYRACK.STOCK (S_NO,S_DIVISION,P_CODE,S_RESISTERDATE,S_SELFLIFE,S_AMOUNT,S_NOTE) values (2,'입고','10028',to_date('18/03/20','RR/MM/DD'),to_date('18/03/21','RR/MM/DD'),50,'상품 입고');Insert into CITYRACK.STOCK (S_NO,S_DIVISION,P_CODE,S_RESISTERDATE,S_SELFLIFE,S_AMOUNT,S_NOTE) values (3,'입고','10027',to_date('18/03/20','RR/MM/DD'),to_date('18/03/22','RR/MM/DD'),50,'상품 입고');Insert into CITYRACK.STOCK (S_NO,S_DIVISION,P_CODE,S_RESISTERDATE,S_SELFLIFE,S_AMOUNT,S_NOTE) values (4,'입고','10026',to_date('18/03/20','RR/MM/DD'),to_date('18/03/22','RR/MM/DD'),50,'상품 입고');Insert into CITYRACK.STOCK (S_NO,S_DIVISION,P_CODE,S_RESISTERDATE,S_SELFLIFE,S_AMOUNT,S_NOTE) values (5,'입고','10025',to_date('18/03/20','RR/MM/DD'),to_date('18/03/22','RR/MM/DD'),50,'상품 입고');Insert into CITYRACK.STOCK (S_NO,S_DIVISION,P_CODE,S_RESISTERDATE,S_SELFLIFE,S_AMOUNT,S_NOTE) values (6,'입고','10024',to_date('18/03/20','RR/MM/DD'),to_date('18/03/21','RR/MM/DD'),50,'상품 입고');Insert into CITYRACK.STOCK (S_NO,S_DIVISION,P_CODE,S_RESISTERDATE,S_SELFLIFE,S_AMOUNT,S_NOTE) values (7,'입고','10023',to_date('18/03/20','RR/MM/DD'),to_date('18/03/21','RR/MM/DD'),50,'상품 입고');Insert into CITYRACK.STOCK (S_NO,S_DIVISION,P_CODE,S_RESISTERDATE,S_SELFLIFE,S_AMOUNT,S_NOTE) values (8,'입고','10022',to_date('18/03/20','RR/MM/DD'),to_date('18/03/21','RR/MM/DD'),50,'상품 입고');Insert into CITYRACK.STOCK (S_NO,S_DIVISION,P_CODE,S_RESISTERDATE,S_SELFLIFE,S_AMOUNT,S_NOTE) values (9,'입고','10021',to_date('18/03/20','RR/MM/DD'),to_date('18/03/23','RR/MM/DD'),50,'상품 입고');Insert into CITYRACK.STOCK (S_NO,S_DIVISION,P_CODE,S_RESISTERDATE,S_SELFLIFE,S_AMOUNT,S_NOTE) values (10,'입고','10020',to_date('18/03/20','RR/MM/DD'),to_date('18/03/21','RR/MM/DD'),50,'상품 입고');Insert into CITYRACK.STOCK (S_NO,S_DIVISION,P_CODE,S_RESISTERDATE,S_SELFLIFE,S_AMOUNT,S_NOTE) values (11,'입고','10019',to_date('18/03/20','RR/MM/DD'),to_date('18/03/21','RR/MM/DD'),50,'상품 입고');Insert into CITYRACK.STOCK (S_NO,S_DIVISION,P_CODE,S_RESISTERDATE,S_SELFLIFE,S_AMOUNT,S_NOTE) values (12,'입고','10018',to_date('18/03/20','RR/MM/DD'),to_date('18/03/21','RR/MM/DD'),50,'상품 입고');Insert into CITYRACK.STOCK (S_NO,S_DIVISION,P_CODE,S_RESISTERDATE,S_SELFLIFE,S_AMOUNT,S_NOTE) values (13,'입고','10017',to_date('18/03/20','RR/MM/DD'),to_date('18/03/21','RR/MM/DD'),50,'상품 입고');Insert into CITYRACK.STOCK (S_NO,S_DIVISION,P_CODE,S_RESISTERDATE,S_SELFLIFE,S_AMOUNT,S_NOTE) values (14,'입고','10015',to_date('18/03/20','RR/MM/DD'),to_date('18/03/21','RR/MM/DD'),50,'상품 입고');Insert into CITYRACK.STOCK (S_NO,S_DIVISION,P_CODE,S_RESISTERDATE,S_SELFLIFE,S_AMOUNT,S_NOTE) values (15,'입고','10014',to_date('18/03/20','RR/MM/DD'),to_date('18/03/21','RR/MM/DD'),50,'상품 입고');Insert into CITYRACK.STOCK (S_NO,S_DIVISION,P_CODE,S_RESISTERDATE,S_SELFLIFE,S_AMOUNT,S_NOTE) values (16,'입고','10013',to_date('18/03/20','RR/MM/DD'),to_date('18/03/20','RR/MM/DD'),50,'상품 입고');Insert into CITYRACK.STOCK (S_NO,S_DIVISION,P_CODE,S_RESISTERDATE,S_SELFLIFE,S_AMOUNT,S_NOTE) values (17,'입고','10012',to_date('18/03/20','RR/MM/DD'),to_date('18/03/20','RR/MM/DD'),50,'상품 입고');Insert into CITYRACK.STOCK (S_NO,S_DIVISION,P_CODE,S_RESISTERDATE,S_SELFLIFE,S_AMOUNT,S_NOTE) values (18,'입고','10011',to_date('18/03/20','RR/MM/DD'),to_date('18/03/21','RR/MM/DD'),50,'상품 입고');Insert into CITYRACK.STOCK (S_NO,S_DIVISION,P_CODE,S_RESISTERDATE,S_SELFLIFE,S_AMOUNT,S_NOTE) values (19,'입고','10011',to_date('18/03/20','RR/MM/DD'),to_date('18/03/19','RR/MM/DD'),50,'상품 입고');Insert into CITYRACK.STOCK (S_NO,S_DIVISION,P_CODE,S_RESISTERDATE,S_SELFLIFE,S_AMOUNT,S_NOTE) values (20,'입고','10010',to_date('18/03/20','RR/MM/DD'),to_date('18/03/20','RR/MM/DD'),50,'상품 입고');Insert into CITYRACK.STOCK (S_NO,S_DIVISION,P_CODE,S_RESISTERDATE,S_SELFLIFE,S_AMOUNT,S_NOTE) values (21,'입고','10009',to_date('18/03/20','RR/MM/DD'),to_date('18/03/20','RR/MM/DD'),50,'상품 입고');Insert into CITYRACK.STOCK (S_NO,S_DIVISION,P_CODE,S_RESISTERDATE,S_SELFLIFE,S_AMOUNT,S_NOTE) values (22,'입고','10007',to_date('18/03/20','RR/MM/DD'),to_date('18/03/20','RR/MM/DD'),50,'상품 입고');Insert into CITYRACK.STOCK (S_NO,S_DIVISION,P_CODE,S_RESISTERDATE,S_SELFLIFE,S_AMOUNT,S_NOTE) values (23,'입고','10006',to_date('18/03/20','RR/MM/DD'),to_date('18/03/19','RR/MM/DD'),50,'상품 입고');Insert into CITYRACK.STOCK (S_NO,S_DIVISION,P_CODE,S_RESISTERDATE,S_SELFLIFE,S_AMOUNT,S_NOTE) values (24,'입고','10005',to_date('18/03/20','RR/MM/DD'),to_date('18/03/19','RR/MM/DD'),50,'상품 입고');Insert into CITYRACK.STOCK (S_NO,S_DIVISION,P_CODE,S_RESISTERDATE,S_SELFLIFE,S_AMOUNT,S_NOTE) values (25,'입고','10004',to_date('18/03/20','RR/MM/DD'),to_date('18/03/19','RR/MM/DD'),50,'상품 입고');Insert into CITYRACK.STOCK (S_NO,S_DIVISION,P_CODE,S_RESISTERDATE,S_SELFLIFE,S_AMOUNT,S_NOTE) values (26,'입고','10003',to_date('18/03/20','RR/MM/DD'),to_date('18/03/19','RR/MM/DD'),50,'상품 입고');Insert into CITYRACK.STOCK (S_NO,S_DIVISION,P_CODE,S_RESISTERDATE,S_SELFLIFE,S_AMOUNT,S_NOTE) values (27,'입고','10002',to_date('18/03/20','RR/MM/DD'),to_date('18/03/19','RR/MM/DD'),50,'상품 입고');Insert into CITYRACK.STOCK (S_NO,S_DIVISION,P_CODE,S_RESISTERDATE,S_SELFLIFE,S_AMOUNT,S_NOTE) values (28,'입고','10001',to_date('18/03/20','RR/MM/DD'),to_date('18/03/20','RR/MM/DD'),50,'상품 입고');Insert into CITYRACK.STOCK (S_NO,S_DIVISION,P_CODE,S_RESISTERDATE,S_SELFLIFE,S_AMOUNT,S_NOTE) values (29,'입고','10001',to_date('18/03/20','RR/MM/DD'),to_date('18/03/20','RR/MM/DD'),50,'상품 입고');Insert into CITYRACK.STOCK (S_NO,S_DIVISION,P_CODE,S_RESISTERDATE,S_SELFLIFE,S_AMOUNT,S_NOTE) values (30,'입고','10000',to_date('18/03/20','RR/MM/DD'),to_date('18/03/21','RR/MM/DD'),50,'상품 입고');Insert into CITYRACK.BOARD (BO_NO,BO_PNO,BO_DIVISION,BO_CATEGORY,M_NO,BO_DATE,BO_TITLE,BO_CONTENT,BO_HIT,BO_RECOMM,BO_STATUS) values (2,null,'게시글','후기게시판',10002,to_date('18/03/20','RR/MM/DD'),'씨티락 맛있어요~~!!','바쁜아침 씨티락 덕분에 식사를 할 수 있어서 너무 조아요 ㅎㅎ배송도 빠르고 맛도 조아요~!! ',1,0,'Y');Insert into CITYRACK.BOARD (BO_NO,BO_PNO,BO_DIVISION,BO_CATEGORY,M_NO,BO_DATE,BO_TITLE,BO_CONTENT,BO_HIT,BO_RECOMM,BO_STATUS) values (3,null,'게시글','후기게시판',10002,to_date('18/03/20','RR/MM/DD'),'오늘도 아침먹고간다 오예~~~','룰루랄라~~		',1,0,'N');Insert into CITYRACK.BOARD (BO_NO,BO_PNO,BO_DIVISION,BO_CATEGORY,M_NO,BO_DATE,BO_TITLE,BO_CONTENT,BO_HIT,BO_RECOMM,BO_STATUS) values (4,null,'게시글','후기게시판',10002,to_date('18/03/20','RR/MM/DD'),'다음에도 또 시킬래요','마싯어요			',0,0,'N');Insert into CITYRACK.BOARD (BO_NO,BO_PNO,BO_DIVISION,BO_CATEGORY,M_NO,BO_DATE,BO_TITLE,BO_CONTENT,BO_HIT,BO_RECOMM,BO_STATUS) values (5,null,'게시글','후기게시판',10002,to_date('18/03/20','RR/MM/DD'),'구매후기 씁니다..','맛이좋아요..',0,0,'N');Insert into CITYRACK.BOARD (BO_NO,BO_PNO,BO_DIVISION,BO_CATEGORY,M_NO,BO_DATE,BO_TITLE,BO_CONTENT,BO_HIT,BO_RECOMM,BO_STATUS) values (6,null,'게시글','후기게시판',10002,to_date('18/03/20','RR/MM/DD'),'씨티락 맛있어요~~!!','ㄴㅇㄹ						',1,0,'Y');Insert into CITYRACK.BOARD (BO_NO,BO_PNO,BO_DIVISION,BO_CATEGORY,M_NO,BO_DATE,BO_TITLE,BO_CONTENT,BO_HIT,BO_RECOMM,BO_STATUS) values (7,null,'게시글','후기게시판',10004,to_date('18/03/20','RR/MM/DD'),'씨티락조아요','마싯어요		',1,0,'Y');Insert into CITYRACK.BOARD_FILE (BF_NO,BO_NO,BF_LEVEL,BF_ORIGINNAME,BF_NAME,BF_KIND) values (5,2,0,'후기1.jpg','2018032018545262439.jpg','jpg');Insert into CITYRACK.BOARD_FILE (BF_NO,BO_NO,BF_LEVEL,BF_ORIGINNAME,BF_NAME,BF_KIND) values (6,2,1,'후기2.jpg','2018032018545265652.jpg','jpg');Insert into CITYRACK.BOARD_FILE (BF_NO,BO_NO,BF_LEVEL,BF_ORIGINNAME,BF_NAME,BF_KIND) values (7,2,1,'후기3.jpg','2018032018545289478.jpg','jpg');Insert into CITYRACK.BOARD_FILE (BF_NO,BO_NO,BF_LEVEL,BF_ORIGINNAME,BF_NAME,BF_KIND) values (8,2,1,'후기4.jpg','2018032018545222453.jpg','jpg');Insert into CITYRACK.BOARD_FILE (BF_NO,BO_NO,BF_LEVEL,BF_ORIGINNAME,BF_NAME,BF_KIND) values (9,3,0,'후기2.jpg','2018032018552642139.jpg','jpg');Insert into CITYRACK.BOARD_FILE (BF_NO,BO_NO,BF_LEVEL,BF_ORIGINNAME,BF_NAME,BF_KIND) values (10,3,1,'후기3.jpg','2018032018552654739.jpg','jpg');Insert into CITYRACK.BOARD_FILE (BF_NO,BO_NO,BF_LEVEL,BF_ORIGINNAME,BF_NAME,BF_KIND) values (11,3,1,'후기4.jpg','2018032018552652477.jpg','jpg');Insert into CITYRACK.BOARD_FILE (BF_NO,BO_NO,BF_LEVEL,BF_ORIGINNAME,BF_NAME,BF_KIND) values (12,3,1,'후기1.jpg','2018032018552625933.jpg','jpg');Insert into CITYRACK.BOARD_FILE (BF_NO,BO_NO,BF_LEVEL,BF_ORIGINNAME,BF_NAME,BF_KIND) values (13,4,0,'후기3.jpg','2018032018555534166.jpg','jpg');Insert into CITYRACK.BOARD_FILE (BF_NO,BO_NO,BF_LEVEL,BF_ORIGINNAME,BF_NAME,BF_KIND) values (14,4,1,'후기4.jpg','2018032018555585933.jpg','jpg');Insert into CITYRACK.BOARD_FILE (BF_NO,BO_NO,BF_LEVEL,BF_ORIGINNAME,BF_NAME,BF_KIND) values (15,4,1,'후기1.jpg','2018032018555516401.jpg','jpg');Insert into CITYRACK.BOARD_FILE (BF_NO,BO_NO,BF_LEVEL,BF_ORIGINNAME,BF_NAME,BF_KIND) values (16,4,1,'후기2.jpg','2018032018555574279.jpg','jpg');Insert into CITYRACK.BOARD_FILE (BF_NO,BO_NO,BF_LEVEL,BF_ORIGINNAME,BF_NAME,BF_KIND) values (17,5,0,'후기4.jpg','2018032018562980241.jpg','jpg');Insert into CITYRACK.BOARD_FILE (BF_NO,BO_NO,BF_LEVEL,BF_ORIGINNAME,BF_NAME,BF_KIND) values (18,5,1,'후기1.jpg','2018032018562969734.jpg','jpg');Insert into CITYRACK.BOARD_FILE (BF_NO,BO_NO,BF_LEVEL,BF_ORIGINNAME,BF_NAME,BF_KIND) values (19,5,1,'후기2.jpg','2018032018562995847.jpg','jpg');Insert into CITYRACK.BOARD_FILE (BF_NO,BO_NO,BF_LEVEL,BF_ORIGINNAME,BF_NAME,BF_KIND) values (20,5,1,'후기3.jpg','201803201856295311.jpg','jpg');Insert into CITYRACK.BOARD_FILE (BF_NO,BO_NO,BF_LEVEL,BF_ORIGINNAME,BF_NAME,BF_KIND) values (21,6,0,'후기2.jpg','2018032018592755109.jpg','jpg');Insert into CITYRACK.BOARD_FILE (BF_NO,BO_NO,BF_LEVEL,BF_ORIGINNAME,BF_NAME,BF_KIND) values (22,6,1,'후기2.jpg','2018032018592720404.jpg','jpg');Insert into CITYRACK.BOARD_FILE (BF_NO,BO_NO,BF_LEVEL,BF_ORIGINNAME,BF_NAME,BF_KIND) values (23,6,1,'후기3.jpg','2018032018592774425.jpg','jpg');Insert into CITYRACK.BOARD_FILE (BF_NO,BO_NO,BF_LEVEL,BF_ORIGINNAME,BF_NAME,BF_KIND) values (24,6,1,'후기2.jpg','2018032018592759511.jpg','jpg');Insert into CITYRACK.BOARD_FILE (BF_NO,BO_NO,BF_LEVEL,BF_ORIGINNAME,BF_NAME,BF_KIND) values (25,7,0,'후기2.jpg','2018032019361193722.jpg','jpg');Insert into CITYRACK.BOARD_FILE (BF_NO,BO_NO,BF_LEVEL,BF_ORIGINNAME,BF_NAME,BF_KIND) values (26,7,1,'후기3.jpg','2018032019361161905.jpg','jpg');Insert into CITYRACK.BOARD_FILE (BF_NO,BO_NO,BF_LEVEL,BF_ORIGINNAME,BF_NAME,BF_KIND) values (27,7,1,'후기4.jpg','201803201936111250.jpg','jpg');Insert into CITYRACK.BOARD_FILE (BF_NO,BO_NO,BF_LEVEL,BF_ORIGINNAME,BF_NAME,BF_KIND) values (28,7,1,'후기1.jpg','2018032019361121750.jpg','jpg');commit;